{
    "loss": 0.19587291777133942,
    "accuracy": 0.9285714030265808
}